-- Тестовые данные для WeShow

-- 1. Пользователи
INSERT INTO users (id, name, email, role, company_name, phone_number) VALUES
  ('00000000-0000-0000-0000-000000000001', 'Администратор', 'admin@weshow.ru', 'admin', 'WESHOW', '+7 (495) 123-45-67'),
  ('00000000-0000-0000-0000-000000000002', 'Менеджер', 'manager@weshow.ru', 'manager', 'WESHOW', '+7 (495) 123-45-68'),
  ('00000000-0000-0000-0000-000000000003', 'Иван Петров', 'ivan@company.ru', 'client', 'ООО "Технологии"', '+7 (495) 987-65-43'),
  ('00000000-0000-0000-0000-000000000004', 'Мария Сидорова', 'maria@event.ru', 'client', 'Event Agency', '+7 (495) 555-12-34')
ON CONFLICT (email) DO NOTHING;

-- 2. Категории оборудования
INSERT INTO equipment_categories (id, name, slug, description) VALUES
  ('10000000-0000-0000-0000-000000000001', 'Проекционное оборудование', 'projectors', 'Проекторы, экраны, системы отображения'),
  ('10000000-0000-0000-0000-000000000002', 'Звуковое оборудование', 'audio', 'Микрофоны, колонки, микшеры'),
  ('10000000-0000-0000-0000-000000000003', 'Световое оборудование', 'lighting', 'Прожекторы, LED-панели, световые эффекты'),
  ('10000000-0000-0000-0000-000000000004', 'Интерактивные решения', 'interactive', 'Интерактивные панели, сенсорные экраны'),
  ('10000000-0000-0000-0000-000000000005', 'Спецэффекты', 'special-effects', 'Дым, огонь, пиротехника')
ON CONFLICT (slug) DO NOTHING;

-- 3. Оборудование
INSERT INTO equipment_catalog (id, name, description, specifications, price_per_day, category_id, stock_quantity) VALUES
  ('20000000-0000-0000-0000-000000000001', 'Проектор Panasonic PT-RZ970', '4K лазерный проектор для профессиональных презентаций', 
   '{"resolution": "4K UHD", "brightness": "10000 лм", "contrast": "20000:1", "weight": "12 кг"}', 
   15000.00, '10000000-0000-0000-0000-000000000001', 3),
  
  ('20000000-0000-0000-0000-000000000002', 'Экран 300x225 см', 'Натяжной экран для проекций', 
   '{"size": "300x225 см", "material": "PVC", "gain": "1.0", "aspect": "4:3"}', 
   2000.00, '10000000-0000-0000-0000-000000000001', 5),
  
  ('20000000-0000-0000-0000-000000000003', 'Микрофон Shure SM58', 'Вокальный микрофон', 
   '{"type": "динамический", "частотный_диапазон": "50Hz-15kHz", "направленность": "кардиоидная"}', 
   500.00, '10000000-0000-0000-0000-000000000002', 10),
  
  ('20000000-0000-0000-0000-000000000004', 'LED-панель 100x100 см', 'Светодиодная панель для освещения', 
   '{"мощность": "100W", "цветовая_температура": "3000K-6500K", "управление": "DMX"}', 
   3000.00, '10000000-0000-0000-0000-000000000003', 8),
  
  ('20000000-0000-0000-0000-000000000005', 'Интерактивная панель 65"', 'Сенсорная панель для презентаций', 
   '{"размер": "65 дюймов", "разрешение": "4K", "сенсор": "мультитач", "ОС": "Android"}', 
   8000.00, '10000000-0000-0000-0000-000000000004', 2)
ON CONFLICT (id) DO NOTHING;

-- 4. Категории статей
INSERT INTO article_categories (id, name, description) VALUES
  ('30000000-0000-0000-0000-000000000001', 'Кейсы', 'Примеры реализованных проектов'),
  ('30000000-0000-0000-0000-000000000002', 'Технологии', 'Обзоры нового оборудования'),
  ('30000000-0000-0000-0000-000000000003', 'Советы', 'Практические рекомендации')
ON CONFLICT (id) DO NOTHING;

-- 5. Статьи
INSERT INTO articles (id, title, slug, content, preview_text, category_id, author_id, views_count) VALUES
  ('40000000-0000-0000-0000-000000000001', 'Проект Samsung Galaxy S24 Launch', 'samsung-galaxy-s24-launch', 
   '<h2>Описание проекта</h2><p>Организация презентации нового смартфона Samsung Galaxy S24 с использованием интерактивных технологий...</p>', 
   'Как мы организовали презентацию Samsung Galaxy S24 с использованием современных мультимедийных технологий', 
   '30000000-0000-0000-0000-000000000001', '00000000-0000-0000-0000-000000000001', 156),
   
  ('40000000-0000-0000-0000-000000000002', 'Новые тренды в проекционном маппинге', 'projection-mapping-trends', 
   '<h2>Актуальные технологии</h2><p>Обзор последних разработок в области проекционного маппинга...</p>', 
   'Обзор новых технологий и трендов в проекционном маппинге на 2024 год', 
   '30000000-0000-0000-0000-000000000002', '00000000-0000-0000-0000-000000000001', 89),
   
  ('40000000-0000-0000-0000-000000000003', 'Как выбрать проектор для мероприятия', 'how-to-choose-projector', 
   '<h2>Критерии выбора</h2><p>Подробное руководство по выбору проектора для различных типов мероприятий...</p>', 
   'Практическое руководство по выбору проектора для корпоративных мероприятий', 
   '30000000-0000-0000-0000-000000000003', '00000000-0000-0000-0000-000000000002', 234)
ON CONFLICT (id) DO NOTHING;

-- 6. Сметы
INSERT INTO estimates (id, user_id, status, event_date, client_notes) VALUES
  ('50000000-0000-0000-0000-000000000001', '00000000-0000-0000-0000-000000000003', 'pending_review', '2024-02-15', 'Корпоративное мероприятие на 100 человек'),
  ('50000000-0000-0000-0000-000000000002', '00000000-0000-0000-0000-000000000004', 'confirmed', '2024-02-20', 'Презентация продукта с интерактивными элементами'),
  ('50000000-0000-0000-0000-000000000003', '00000000-0000-0000-0000-000000000003', 'draft', '2024-03-01', 'Конференция по IT-технологиям')
ON CONFLICT (id) DO NOTHING;

-- 7. Позиции в сметах
INSERT INTO estimate_items (estimate_id, equipment_id, quantity, price_at_creation) VALUES
  ('50000000-0000-0000-0000-000000000001', '20000000-0000-0000-0000-000000000001', 2, 15000.00),
  ('50000000-0000-0000-0000-000000000001', '20000000-0000-0000-0000-000000000002', 2, 2000.00),
  ('50000000-0000-0000-0000-000000000001', '20000000-0000-0000-0000-000000000003', 4, 500.00),
  
  ('50000000-0000-0000-0000-000000000002', '20000000-0000-0000-0000-000000000005', 1, 8000.00),
  ('50000000-0000-0000-0000-000000000002', '20000000-0000-0000-0000-000000000004', 6, 3000.00),
  
  ('50000000-0000-0000-0000-000000000003', '20000000-0000-0000-0000-000000000001', 1, 15000.00),
  ('50000000-0000-0000-0000-000000000003', '20000000-0000-0000-0000-000000000002', 1, 2000.00);
